,City,Cloudiness,Country,Date,Humidity,Temp,Lat,Lng,Wind Speed
0,halifax,75,CA,1570056508,93,48.2,44.65,-63.58,12.75
1,karaton,20,ID,1570056719,88,75.2,-6.34,106.1,4.7
2,presidente medici,28,BR,1570056719,72,79.63,-11.18,-61.9,5.21
3,thompson,5,CA,1570056547,34,50.0,55.74,-97.86,11.41
4,castanos,66,MX,1570056720,38,88.33,26.78,-101.42,9.64
5,bethel,90,US,1570056720,81,51.8,60.79,-161.76,9.17
6,sitka,67,US,1570056720,95,57.99,37.17,-99.65,20.0
7,faanui,99,PF,1570056588,76,77.62,-16.48,-151.75,15.12
8,cape town,20,ZA,1570056555,87,61.0,-33.93,18.42,4.7
9,imeni zhelyabova,63,RU,1570056721,97,39.01,58.95,36.6,4.5
10,bensonville,75,LR,1570056721,94,77.0,6.45,-10.61,7.27
11,vila franca do campo,75,PT,1570056722,83,71.01,37.72,-25.43,13.87
12,ponta do sol,0,BR,1570056722,50,73.33,-20.63,-46.0,2.77
13,birjand,0,IR,1570056722,26,57.2,32.86,59.22,4.7
14,kyren,0,RU,1570056723,72,13.5,51.68,102.13,5.03
15,faya,0,SA,1570056723,63,66.2,18.39,42.45,2.8
16,busselton,69,AU,1570056723,65,57.99,-33.64,115.35,13.42
17,punta arenas,75,CL,1570056723,75,46.4,-53.16,-70.91,33.33
18,brae,53,GB,1570056724,87,48.2,60.4,-1.35,10.29
19,dire,69,ET,1570056724,92,51.48,9.18,38.92,1.86
20,rikitea,100,PF,1570056725,89,62.93,-23.12,-134.97,13.38
21,mount gambier,90,AU,1570056590,100,53.6,-37.83,140.78,13.87
22,new norfolk,0,AU,1570056644,39,75.99,-42.78,147.06,9.17
23,ribeira grande,40,PT,1570056725,72,68.0,38.52,-28.7,6.93
24,raudeberg,99,NO,1570056726,71,51.8,61.99,5.14,10.29
25,shubarshi,37,KZ,1570056726,33,47.57,48.59,57.19,8.52
26,bredasdorp,61,ZA,1570056727,87,55.4,-34.53,20.04,6.93
27,tasiilaq,100,GL,1570056727,66,39.2,65.61,-37.64,32.21
28,bluff,0,AU,1570056727,48,73.22,-23.58,149.07,14.67
29,goreloye,47,RU,1570056728,81,50.47,52.92,41.5,7.87
30,atuona,52,PF,1570056728,71,79.49,-9.8,-139.03,6.46
31,hermanus,66,ZA,1570056728,96,57.99,-34.42,19.24,9.91
32,san nicolas,93,PH,1570056728,81,78.77,16.07,120.76,4.07
33,sisimiut,80,GL,1570056729,63,41.67,66.94,-53.67,8.79
34,yellowknife,75,CA,1570056729,53,51.8,62.45,-114.38,12.75
35,chuy,86,UY,1570056604,77,56.56,-33.69,-53.46,22.3
36,ilulissat,74,GL,1570056729,31,48.2,69.22,-51.1,21.92
37,mataura,91,NZ,1570056730,84,48.99,-46.19,168.86,7.0
38,hammerfest,75,NO,1570056730,80,35.6,70.66,23.68,21.92
39,nigde,0,TR,1570056730,56,56.68,37.97,34.68,2.26
40,alamo,1,US,1570056731,42,81.0,37.85,-122.03,3.36
41,tavda,100,RU,1570056731,82,47.9,58.04,65.27,11.36
42,saint-philippe,1,CA,1570056731,76,51.8,45.36,-73.48,4.7
43,port alfred,99,ZA,1570056731,93,60.01,-33.59,26.89,2.28
44,puerto ayora,40,EC,1570056721,64,75.2,-0.74,-90.35,20.8
45,alice springs,0,AU,1570056731,14,77.0,-23.7,133.88,4.7
46,ushuaia,40,AR,1570056732,70,42.8,-54.81,-68.31,36.91
47,kibondo,70,TZ,1570056732,85,65.43,-3.59,30.72,2.77
48,albany,90,US,1570056724,87,57.99,42.65,-73.75,5.82
49,hobart,0,AU,1570056686,39,75.99,-42.88,147.33,9.17
50,saskylakh,0,RU,1570056732,83,14.81,71.97,114.09,1.25
51,carutapera,40,BR,1570056732,76,79.83,-1.2,-46.02,8.55
52,liaocheng,62,CN,1570056732,49,73.8,36.44,115.96,4.68
53,talnakh,75,RU,1570056733,94,33.8,69.49,88.39,4.47
54,saldanha,57,PT,1570056733,57,58.25,41.42,-6.55,2.77
55,loreto,88,PY,1570056733,88,70.02,-23.27,-57.32,6.8
56,meaford,90,CA,1570056733,71,52.0,44.61,-80.59,13.87
57,arawa,35,ID,1570056734,73,81.61,-3.93,119.75,16.91
58,litovko,100,RU,1570056734,79,43.02,49.24,135.18,4.29
59,nikolskoye,75,RU,1570056734,81,42.8,59.7,30.79,4.47
60,barrow,0,AR,1570056735,70,39.15,-38.31,-60.23,7.9
61,the valley,20,AI,1570056510,74,84.2,18.22,-63.06,11.41
62,xapuri,75,BR,1570056735,74,82.4,-10.65,-68.5,3.36
63,hachinohe,75,JP,1570056735,88,69.01,40.47,141.48,2.24
64,banikoara,50,BJ,1570056735,85,75.8,11.3,2.44,2.77
65,bowen,75,AU,1570056736,78,71.6,-20.01,148.25,14.99
66,dikson,51,RU,1570056736,73,26.12,73.51,80.55,23.47
67,provideniya,75,RU,1570056737,80,41.0,64.42,-173.23,26.84
68,carnarvon,3,ZA,1570056737,31,52.58,-30.97,22.13,3.56
69,gizo,40,IL,1570056737,69,73.4,31.8,34.94,4.7
70,tucurui,100,BR,1570056737,76,78.91,-3.77,-49.67,3.4
71,port pirie,90,AU,1570056738,82,59.0,-33.18,138.01,10.29
72,vaini,25,IN,1570056738,96,73.85,15.34,74.49,0.65
73,presidencia roque saenz pena,100,AR,1570056587,83,59.89,-26.79,-60.44,6.29
74,mugur-aksy,0,RU,1570056738,68,11.43,50.38,90.44,3.53
75,chokurdakh,97,RU,1570056738,90,26.62,70.62,147.9,13.49
76,sioux lookout,75,CA,1570056519,70,42.8,50.1,-91.92,3.36
77,khatanga,0,RU,1570056739,83,19.62,71.98,102.47,7.81
78,santiago del estero,0,AR,1570056739,29,60.98,-27.8,-64.26,8.25
79,souillac,75,FR,1570056739,93,57.2,45.6,-0.6,5.82
80,broken hill,0,AU,1570056739,16,78.8,-31.97,141.45,19.46
81,ambilobe,25,MG,1570056740,75,72.59,-13.19,49.05,3.8
82,georgetown,20,GY,1570056516,78,82.4,6.8,-58.16,9.17
83,inhambane,0,MZ,1570056740,91,59.15,-23.87,35.38,3.4
84,bambous virieux,75,MU,1570056740,94,73.99,-20.34,57.76,12.75
85,itacarambi,0,BR,1570056741,38,73.71,-15.1,-44.09,2.89
86,rochester,90,US,1570056602,100,52.0,44.02,-92.46,9.17
87,pyaozerskiy,0,RU,1570056741,74,35.57,65.83,31.17,14.76
88,chabahar,26,IR,1570056741,91,79.24,25.29,60.65,4.65
89,mananjary,100,MG,1570056741,73,65.36,-19.16,46.8,10.58
90,upernavik,33,GL,1570056742,69,36.49,72.79,-56.15,10.09
91,muli,0,CN,1570056742,62,71.96,28.08,109.56,1.72
92,longyearbyen,75,NO,1570056742,92,30.2,78.22,15.63,12.75
93,ixtapa,90,MX,1570056742,74,84.2,20.71,-105.21,9.17
94,avarua,99,CK,1570056743,57,77.0,-21.21,-159.78,8.05
95,jamestown,4,AU,1570056741,41,67.37,-33.21,138.6,4.97
96,pulandian,0,CN,1570056743,100,75.99,39.4,121.96,6.71
97,matagami,30,NG,1570056743,92,68.72,9.67,8.4,1.25
98,vangaindrano,95,MG,1570056743,96,68.11,-23.35,47.6,3.47
99,san quintin,68,PH,1570056744,81,78.57,17.54,120.52,2.53
100,chitral,41,PK,1570056744,60,35.14,35.85,71.79,2.28
101,vetlanda,100,SE,1570056744,100,42.8,57.43,15.09,9.17
102,inirida,95,CO,1570056745,91,76.81,3.87,-67.92,1.16
103,smoky lake,0,CA,1570056745,58,52.0,54.11,-112.47,1.99
104,kushima,75,JP,1570056745,88,77.0,31.5,131.29,6.93
105,salinas,0,US,1570056494,31,81.0,36.67,-121.66,8.05
106,paciran,10,ID,1570056746,68,78.95,-6.9,112.33,7.65
107,bandarbeyla,31,SO,1570056746,81,75.26,9.49,50.81,3.49
108,champerico,75,MX,1570056746,54,84.2,16.38,-93.6,10.29
109,adrar,0,DZ,1570056746,15,87.8,27.87,-0.29,10.29
110,bayanday,0,RU,1570056747,72,28.93,53.07,105.52,1.1
111,yulara,23,AU,1570056747,16,77.0,-25.24,130.99,4.7
112,vista hermosa,75,MX,1570056629,83,82.4,14.92,-92.27,3.36
113,tuktoyaktuk,75,CA,1570056747,86,39.2,69.44,-133.03,12.75
114,saint-pierre,0,FR,1570056747,86,41.0,48.95,4.24,6.93
115,codrington,0,AU,1570056748,72,66.2,-28.95,153.24,5.82
116,port elizabeth,1,US,1570056748,48,89.6,39.31,-74.98,3.36
117,weligama,7,LK,1570056749,82,80.64,5.97,80.42,13.58
118,saint george,20,GR,1570056628,88,64.4,39.45,22.34,5.82
119,peruibe,45,BR,1570056750,93,67.37,-24.32,-47.0,0.67
120,hirado,75,JP,1570056750,83,80.01,33.32,129.49,10.29
121,severo-kurilsk,99,RU,1570056750,96,47.92,50.68,156.12,16.82
122,puerto santander,40,VE,1570056750,66,84.2,8.35,-72.41,8.05
123,egvekinot,100,RU,1570056751,94,29.45,66.32,-179.17,3.33
124,mar del plata,70,AR,1570056621,28,49.73,-46.43,-67.52,5.7
125,east london,95,ZA,1570056569,30,67.75,-33.02,27.91,7.56
126,moron,100,HT,1570056751,75,81.45,18.56,-74.26,3.85
127,scarborough,11,GB,1570056666,76,50.0,54.28,-0.41,6.93
128,cabo san lucas,40,MX,1570056582,61,86.0,22.89,-109.91,4.7
129,alta floresta,92,BR,1570056752,86,73.91,-9.87,-56.08,3.71
130,yar-sale,62,RU,1570056752,82,40.25,66.83,70.83,15.61
131,nanortalik,100,GL,1570056752,74,42.26,60.14,-45.24,2.57
132,vao,96,EE,1570056753,81,44.03,59.1,26.19,5.99
133,weihai,0,CN,1570056753,13,80.01,37.5,122.11,3.0
134,bunawan,75,PH,1570056753,94,75.2,7.24,125.64,3.36
135,allapalli,67,IN,1570056754,95,72.16,19.43,80.06,1.39
136,boyolali,56,ID,1570056754,94,77.0,-7.53,110.6,0.63
137,emerald,7,AU,1570056755,60,69.8,-23.53,148.16,8.05
138,cayenne,0,GF,1570056755,78,82.4,4.94,-52.33,8.05
139,balkanabat,0,TM,1570056756,31,65.86,39.51,54.36,3.4
140,eldorado,80,BR,1570056756,89,69.21,-24.52,-48.11,0.27
141,petropavlovka,1,RU,1570056756,73,22.14,50.61,105.32,1.19
142,kapaa,40,US,1570056757,70,84.2,22.08,-159.32,16.11
143,copiapo,0,CL,1570056757,67,57.2,-27.37,-70.33,14.99
144,luderitz,0,NA,1570056758,93,55.37,-26.65,15.16,21.09
145,cam ranh,20,VN,1570056758,94,78.8,11.92,109.15,4.7
146,tilichiki,100,RU,1570056759,98,34.24,60.47,166.1,4.54
147,lebu,69,ET,1570056759,92,51.48,8.96,38.73,1.86
148,castro,0,CL,1570056759,43,50.0,-42.48,-73.76,6.93
149,hilo,90,US,1570056759,78,78.8,19.71,-155.08,5.82
150,cabedelo,0,BR,1570056759,83,75.2,-6.97,-34.84,5.82
151,wanning,75,AT,1570056759,87,48.2,48.64,13.53,17.22
152,bathsheba,20,BB,1570056760,70,84.2,13.22,-59.52,14.99
153,alyangula,99,AU,1570056760,94,73.4,-13.85,136.42,12.57
154,mehamn,100,NO,1570056761,74,35.5,71.03,27.85,13.29
155,micheweni,92,TZ,1570056761,82,78.88,-4.97,39.83,11.14
156,sur,31,OM,1570056761,60,83.63,22.57,59.53,8.25
157,marawi,76,PH,1570056761,84,77.0,8.0,124.29,5.99
158,nelson bay,0,AU,1570056761,49,73.0,-32.72,152.14,12.75
159,rocha,100,UY,1570056506,88,50.72,-34.48,-54.34,11.63
160,wajid,99,SO,1570056762,64,77.33,3.81,43.25,14.76
161,hamilton,90,CA,1570056494,100,57.2,43.26,-79.87,14.99
162,aykhal,75,RU,1570056762,100,21.2,65.95,111.51,4.47
163,malmesbury,0,GB,1570056762,93,46.0,51.58,-2.1,2.24
164,hithadhoo,98,MV,1570056762,80,82.3,-0.6,73.08,17.07
165,estacion coahuila,1,MX,1570056763,22,90.0,32.19,-115.0,3.6
166,san jose,90,HN,1570056692,65,80.6,14.25,-87.96,5.82
167,ugoofaaru,100,MV,1570056763,71,83.02,5.67,73.0,6.76
168,kirkwood,91,ZA,1570056763,93,60.8,-33.4,25.44,4.7
169,clyde river,75,CA,1570056763,93,35.6,70.47,-68.59,9.17
170,kysyl-syr,48,RU,1570056764,78,25.27,63.9,122.77,4.45
171,faxinal,53,BR,1570056764,47,76.93,-24.0,-51.32,2.51
172,bonavista,51,CA,1570056764,86,42.01,48.65,-53.11,3.0
173,oranjemund,1,ZA,1570056764,93,57.13,-28.55,16.43,10.31
174,erzin,20,TR,1570056674,78,77.0,36.95,36.2,1.12
175,kindu,6,CD,1570056765,96,69.64,-2.95,25.92,1.72
176,sungaipenuh,92,ID,1570056765,90,72.16,-2.08,101.38,0.56
177,luanda,75,AO,1570056765,88,75.2,-8.83,13.24,11.41
178,junagarh,77,IN,1570056766,93,70.36,19.86,82.94,3.22
179,ekhabi,68,RU,1570056766,60,41.26,53.51,142.97,24.65
180,olinda,0,AU,1570056766,33,77.0,-37.84,145.39,19.46
181,norman wells,90,CA,1570056766,93,46.4,65.28,-126.83,2.24
182,andrews,90,US,1570056767,69,89.6,32.32,-102.55,14.99
183,san javier,98,BR,1570056767,95,68.0,-27.87,-55.13,8.59
184,boa vista,0,BR,1570056527,49,89.6,2.82,-60.67,5.82
185,samfya,95,ZM,1570056767,82,64.75,-11.37,29.56,6.35
186,narsaq,75,GL,1570056767,32,53.6,60.91,-46.05,34.45
187,namibe,33,AO,1570056767,81,64.87,-15.19,12.15,6.06
188,taunggyi,85,MM,1570056768,96,64.17,20.78,97.03,0.94
189,kodiak,90,US,1570056768,93,73.99,39.95,-94.76,8.05
190,brtnice,90,CZ,1570056769,87,48.0,49.31,15.68,17.22
191,horta,40,BR,1570056769,78,78.8,-10.93,-37.66,16.11
192,north bend,40,US,1570056769,67,62.01,43.41,-124.22,8.05
193,mackay,20,CA,1570056770,41,59.0,53.65,-115.58,3.36
194,guerrero negro,0,MX,1570056770,77,67.05,27.97,-114.04,14.61
195,te anau,45,NZ,1570056770,74,42.26,-45.41,167.72,3.89
196,flinders,0,AU,1570056770,40,73.99,-34.58,150.85,8.05
197,eyl,41,SO,1570056775,96,70.63,7.98,49.82,1.68
198,pokrovskoye,0,RU,1570056775,64,56.09,47.41,38.9,7.56
199,butaritari,97,KI,1570056775,61,84.71,3.07,172.79,4.43
200,acapulco,75,MX,1570056776,74,86.0,16.86,-99.88,8.05
201,qaanaaq,45,GL,1570056776,76,21.92,77.48,-69.36,3.94
202,gurupi,100,BR,1570056655,74,72.13,-11.73,-49.07,5.12
203,lima,90,PE,1570056695,82,64.4,-12.06,-77.04,11.41
204,lagoa,0,PT,1570056776,63,66.2,37.14,-8.45,9.17
205,kaitangata,86,NZ,1570056776,58,50.0,-46.28,169.85,11.99
206,la orilla,51,MX,1570056777,79,81.36,18.0,-102.23,7.05
207,izumo,20,JP,1570056777,57,78.8,35.37,132.75,10.29
208,sao joao da barra,0,BR,1570056777,89,65.32,-21.64,-41.05,2.93
209,nantucket,90,US,1570056734,93,63.0,41.28,-70.1,10.29
210,tiksi,100,RU,1570056777,89,24.75,71.64,128.87,25.75
211,torquay,0,GB,1570056778,100,48.0,50.47,-3.52,1.12
212,banmankhi,17,IN,1570056778,88,73.87,25.89,87.19,5.39
213,kahului,40,US,1570056778,65,87.8,20.89,-156.47,25.28
214,dhulagari,75,IN,1570056778,94,78.8,22.59,88.17,2.66
215,broome,0,GB,1570056778,87,50.0,52.47,1.45,6.93
216,barrhead,90,CA,1570056779,40,53.6,54.12,-114.4,6.93
217,dhidhdhoo,50,MV,1570056779,71,82.24,6.88,73.1,6.17
218,clacton-on-sea,0,GB,1570056779,87,50.0,51.79,1.16,6.93
219,torbay,90,CA,1570056537,86,44.01,47.66,-52.73,17.22
220,saint anthony,90,US,1570056738,56,48.0,43.97,-111.68,11.41
221,vrangel,100,RU,1570056779,73,65.93,42.73,133.08,2.71
222,cidreira,100,BR,1570056780,91,65.25,-30.17,-50.22,10.27
223,nea alikarnassos,20,GR,1570056780,88,71.01,35.33,25.17,5.82
224,yeppoon,56,AU,1570056780,60,71.6,-23.13,150.74,12.75
225,esperance,67,AU,1570056780,100,55.4,-33.86,121.89,8.05
226,ewa beach,90,US,1570056780,69,87.8,21.32,-158.01,12.75
227,maltahohe,0,NA,1570056781,21,53.12,-24.83,16.98,6.2
228,kloulklubed,75,PW,1570056781,78,82.4,7.04,134.26,4.7
229,airai,0,TL,1570056781,36,84.2,-8.93,125.41,2.37
230,srandakan,99,ID,1570056781,89,75.49,-7.94,110.25,4.9
231,nhulunbuy,40,AU,1570056781,69,80.6,-12.18,136.78,13.87
232,nouadhibou,33,MR,1570056782,33,86.0,20.93,-17.03,9.17
233,lavrentiya,56,RU,1570056782,73,37.58,65.58,-170.99,13.78
234,elizabeth city,1,US,1570056703,66,91.4,36.3,-76.22,5.82
235,shache,0,CN,1570056782,34,59.76,38.42,77.24,5.97
236,ahuimanu,90,US,1570056737,69,87.8,21.44,-157.84,12.75
237,ancud,0,CL,1570056782,43,50.0,-41.87,-73.83,6.93
238,kasane,0,BW,1570056783,69,66.1,-17.8,25.16,7.2
239,isangel,75,VU,1570056519,57,78.8,-19.55,169.27,11.41
240,chilca,40,PE,1570056783,38,59.0,-13.22,-72.34,14.99
241,badiraguato,75,MX,1570056783,66,91.0,25.36,-107.55,4.7
242,kumluca,0,TR,1570056783,76,53.41,36.37,30.29,2.8
243,vesoul,0,FR,1570056784,93,44.01,47.62,6.16,2.24
244,karatau,0,KZ,1570056784,42,42.84,43.18,70.46,4.97
245,moundou,100,TD,1570056784,92,69.8,8.57,16.07,2.71
246,kaitong,57,CN,1570056784,48,52.27,44.81,123.15,18.59
247,pevek,100,RU,1570056785,72,30.06,69.7,170.27,9.89
248,bushehr,0,IR,1570056785,79,86.0,28.97,50.84,5.68
249,half moon bay,20,US,1570056785,49,77.0,37.46,-122.43,19.46
250,beauceville,51,CA,1570056785,89,45.0,46.21,-70.77,2.84
251,port blair,21,IN,1570056786,72,81.32,11.67,92.75,3.58
252,hami,92,CN,1570056786,30,50.22,42.84,93.51,3.04
253,cururupu,50,BR,1570056786,87,73.69,-1.82,-44.87,2.95
254,mantua,0,IT,1570056786,77,64.4,45.16,10.79,5.82
255,tautira,20,PF,1570056787,58,84.2,-17.73,-149.15,4.7
256,oistins,20,BB,1570056787,70,84.2,13.07,-59.53,14.99
257,fortuna,1,US,1570056787,51,62.6,40.6,-124.16,11.41
258,auki,51,NG,1570056787,80,74.23,12.18,6.51,7.56
259,kruisfontein,100,ZA,1570056787,62,61.24,-34.0,24.73,15.99
260,manokwari,0,ID,1570056788,67,78.93,-0.87,134.08,4.07
261,takab,0,IR,1570056788,55,44.17,36.4,47.11,2.08
262,traverse city,90,US,1570056501,71,55.4,44.76,-85.62,9.17
263,merauke,6,ID,1570056788,80,78.68,-8.49,140.4,18.32
264,bilma,0,NE,1570056788,16,86.4,18.69,12.92,8.14
265,betsiamites,90,CA,1570056788,60,42.8,48.94,-68.65,6.93
266,isla mujeres,75,MX,1570056789,74,84.2,21.23,-86.73,5.82
267,minab,0,IR,1570056789,74,84.2,27.15,57.07,1.12
268,roald,97,NO,1570056789,87,48.2,62.58,6.12,5.82
269,san andres,91,PH,1570056790,75,82.76,13.32,122.68,1.5
270,tzaneen,0,ZA,1570056790,57,51.8,-23.83,30.16,12.75
271,xingtai,81,CN,1570056790,52,72.11,37.07,114.49,2.59
272,richards bay,0,ZA,1570056791,75,66.2,-28.77,32.06,24.56
273,myitkyina,30,MM,1570056791,93,67.32,25.38,97.4,1.16
274,tabas,0,IR,1570056791,21,80.6,33.6,56.92,2.24
275,mandali,13,IQ,1570056791,20,85.66,33.75,45.55,5.55
276,areia branca,40,BR,1570056791,78,78.8,-10.76,-37.31,16.11
277,tupik,0,RU,1570056792,56,28.87,54.43,119.94,3.11
278,conde,89,BR,1570056792,91,71.01,-11.81,-37.61,3.71
279,road town,40,VG,1570056588,74,84.2,18.42,-64.62,6.93
280,caravelas,0,BR,1570056792,74,72.09,-17.73,-39.27,10.33
281,arraial do cabo,0,BR,1570056792,78,71.6,-22.97,-42.02,18.34
282,stafford,1,US,1570056605,46,89.6,39.71,-74.28,8.05
283,tuyen quang,64,VN,1570056793,96,75.35,21.82,105.22,1.19
284,gersthofen,30,DE,1570056793,93,44.6,48.42,10.88,4.7
285,haines junction,9,CA,1570056793,58,41.62,60.75,-137.51,5.39
286,china,88,MX,1570056793,50,87.68,25.71,-99.24,11.54
287,coihaique,20,CL,1570056530,49,48.2,-45.58,-72.07,6.93
288,college,90,US,1570056794,93,39.2,64.86,-147.8,8.05
289,port shepstone,84,ZA,1570056794,82,55.69,-30.74,30.45,8.28
290,rio gallegos,40,AR,1570056794,43,50.0,-51.62,-69.22,23.04
291,santa rosa,56,AR,1570056576,35,51.95,-36.62,-64.29,9.4
292,waitati,100,NZ,1570056795,62,50.0,-45.75,170.57,14.0
293,vostok,96,RU,1570056795,89,59.99,46.45,135.83,2.19
294,sao filipe,0,CV,1570056795,84,78.52,14.9,-24.5,19.46
295,lompoc,1,US,1570056795,37,77.0,34.64,-120.46,14.99
296,pryazha,90,RU,1570056796,93,39.2,61.69,33.62,11.18
297,arvika,77,SE,1570056796,80,42.01,59.65,12.59,11.41
298,palmer,90,AU,1570056659,82,61.0,-34.85,139.16,11.41
299,avera,1,US,1570056796,46,93.2,33.19,-82.53,3.36
300,namatanai,88,PG,1570056796,76,80.55,-3.66,152.44,5.19
301,antsohihy,44,MG,1570056796,69,76.82,-14.88,47.99,13.53
302,coari,41,BR,1570056797,61,83.12,-4.09,-63.14,2.86
303,francisco beltrao,93,BR,1570056584,96,67.19,-26.08,-53.05,2.24
304,bonthe,100,SL,1570056797,89,77.63,7.53,-12.5,9.42
305,chara,20,GR,1570056797,88,64.4,39.42,22.43,5.82
306,seoul,75,KR,1570056694,88,69.8,37.57,126.98,1.12
307,san roque,47,ES,1570056798,72,73.4,36.21,-5.38,17.22
308,sun prairie,90,US,1570056798,93,55.4,43.18,-89.21,3.36
309,portland,90,US,1570056578,71,55.99,43.66,-70.25,11.41
310,saint-georges,51,CA,1570056798,48,45.0,46.12,-70.67,2.84
311,sechura,37,PE,1570056798,86,64.76,-5.56,-80.82,15.43
312,abu kamal,0,SY,1570056799,66,70.87,34.45,40.92,13.47
313,huarmey,58,PE,1570056799,90,61.61,-10.07,-78.15,17.65
314,san pedro,3,AR,1570056799,56,53.01,-33.68,-59.66,3.0
315,kieta,84,PG,1570056799,88,78.05,-6.22,155.63,8.63
316,edd,16,ER,1570056799,59,86.63,13.93,41.69,3.47
317,lyman,8,UA,1570056800,64,52.11,48.98,37.82,3.87
318,kletnya,49,RU,1570056800,75,53.17,53.39,33.22,8.21
319,kargil,1,PK,1570056800,56,36.02,34.56,76.13,4.41
320,lata,34,IN,1570056800,68,32.62,30.78,78.62,3.44
321,geraldton,75,CA,1570056801,64,37.4,49.72,-86.95,9.17
322,harvard,90,US,1570056801,100,55.0,40.62,-98.1,9.17
323,ban nahin,7,LA,1570056801,83,74.43,18.24,104.21,1.28
324,nazareno,75,MX,1570056801,28,93.2,25.4,-103.42,14.99
325,bischofshofen,75,AT,1570056802,87,46.4,47.42,13.22,6.93
326,hondo,1,US,1570056802,38,95.0,29.35,-99.14,8.05
327,athmallik,57,IN,1570056802,91,74.14,20.72,84.53,1.68
328,beloha,100,MG,1570056802,81,70.13,-25.17,45.06,11.21
329,atar,0,MR,1570056803,10,95.74,20.52,-13.05,10.8
330,porto novo,0,BR,1570056803,36,80.6,-23.68,-45.44,12.75
331,saint-augustin,40,CA,1570056803,53,51.8,45.63,-73.98,8.05
332,filadelfia,72,PY,1570056803,72,59.58,-22.35,-60.04,8.32
333,sobolevo,86,RU,1570056804,82,53.06,54.43,31.9,10.96
334,matay,0,EG,1570056804,43,71.14,28.42,30.79,4.16
335,vilhena,40,BR,1570056804,83,78.8,-12.74,-60.15,5.82
336,necochea,0,AR,1570056804,72,43.0,-38.55,-58.74,1.99
337,naze,100,NG,1570056805,97,72.04,5.43,7.07,2.3
338,kiruna,98,SE,1570056805,100,24.8,67.86,20.23,2.24
339,gat,20,SN,1570056805,88,84.2,14.69,-16.54,6.93
340,mumford,100,GH,1570056805,95,73.58,5.26,-0.76,2.28
341,katsuura,75,JP,1570056805,74,78.8,33.93,134.5,33.33
342,biryusinsk,100,RU,1570056806,62,34.88,55.96,97.82,7.18
343,lucera,75,IT,1570056806,68,68.0,41.51,15.34,6.93
344,vestmanna,0,FO,1570056806,87,42.8,62.16,-7.17,1.12
345,kamenka,99,MD,1570056806,72,59.0,48.03,28.7,11.41
346,kodinsk,100,RU,1570056806,97,37.26,58.6,99.18,10.49
347,hasaki,75,JP,1570056807,94,71.6,35.73,140.83,2.24
348,los llanos de aridane,75,ES,1570056807,88,82.0,28.66,-17.92,10.29
349,cherskiy,16,RU,1570056807,68,24.55,68.75,161.3,16.71
350,pangnirtung,75,CA,1570056807,93,35.6,66.15,-65.72,3.67
351,buyukcavuslu,0,TR,1570056808,100,66.2,41.24,28.06,5.37
352,gondanglegi,43,ID,1570056808,80,76.97,-7.75,112.01,7.02
353,kaukauna,90,US,1570056808,76,54.0,44.28,-88.27,17.22
354,berlevag,100,NO,1570056808,72,38.45,70.86,29.09,17.92
355,gariadhar,0,IN,1570056809,89,75.17,21.54,71.58,8.1
356,takoradi,99,GH,1570056809,95,73.82,4.89,-1.75,2.37
357,dong xoai,22,VN,1570056594,92,76.43,11.53,106.92,4.36
358,sinnamary,25,GF,1570056809,75,82.3,5.38,-52.96,21.92
359,las matas de farfan,100,DO,1570056809,91,73.24,18.87,-71.52,2.01
360,chaman,33,AF,1570056809,31,64.4,30.92,66.46,5.48
361,sahbuz,0,AZ,1570056810,46,53.6,39.41,45.57,4.7
362,lokosovo,100,RU,1570056810,89,47.88,61.13,74.84,18.84
363,snezhnogorsk,75,RU,1570056810,100,30.2,69.19,33.23,4.47
364,lebanon,75,US,1570056810,45,91.4,40.34,-76.42,8.05
365,quatre cocos,75,MU,1570056811,94,73.99,-20.21,57.76,12.75
366,evanston,90,US,1570056811,93,61.0,42.04,-87.69,6.93
367,villavicencio,84,CO,1570056538,95,50.49,4.13,-73.62,1.59
368,mocuba,96,MZ,1570056811,95,70.9,-16.84,36.99,5.66
369,victoria,75,BN,1570056561,94,77.0,5.28,115.24,2.24
370,san patricio,100,PY,1570056811,95,67.23,-26.98,-56.83,11.97
371,zhigansk,51,RU,1570056812,81,23.06,66.77,123.37,4.03
372,bermejo,100,AR,1570056812,49,63.99,-22.73,-64.34,2.62
373,bosaso,8,SO,1570056812,68,86.02,11.28,49.18,6.8
374,santa maria,0,BR,1570056812,25,87.8,-16.02,-48.01,3.36
375,labuhan,65,ID,1570056812,79,78.03,-2.54,115.51,0.72
376,kalmunai,38,LK,1570056813,89,74.27,7.42,81.82,2.73
377,saint-ambroise,75,CA,1570056813,70,43.0,48.56,-71.32,16.11
378,san rafael,23,AR,1570056813,27,52.83,-34.61,-68.33,10.69
379,javanrud,0,IR,1570056813,30,57.2,34.8,46.49,6.2
380,doha,26,QA,1570056725,62,89.6,25.29,51.53,1.12
381,lakhna,2,IN,1570056814,86,74.34,26.65,79.15,1.54
382,along,37,IN,1570056814,93,53.75,28.17,94.8,4.38
383,kenai,90,US,1570056814,70,50.0,60.55,-151.26,1.81
384,dvinskoy,71,RU,1570056815,92,40.55,62.16,45.12,6.93
385,fez,0,MA,1570056815,77,66.2,34.03,-5.02,8.05
386,morehead,1,US,1570056815,40,91.4,38.18,-83.43,5.26
387,shakhunya,99,RU,1570056815,88,52.72,57.68,46.61,12.73
388,panvel,20,IN,1570056815,83,82.4,18.99,73.11,2.24
389,rock sound,42,BS,1570056816,77,80.71,24.9,-76.2,9.91
390,nara,75,JP,1570056816,83,77.0,34.68,135.8,4.7
391,kabare,40,RW,1570056816,94,54.74,-1.65,29.38,0.65
392,guarapari,0,BR,1570056816,73,78.01,-20.67,-40.5,5.82
393,george,100,MW,1570056817,93,63.32,-15.35,34.83,5.66
394,grindavik,90,IS,1570056817,81,44.6,63.84,-22.43,33.33
395,wentzville,1,US,1570056817,49,91.4,38.81,-90.85,5.82
396,whitecourt,20,CA,1570056568,41,59.0,54.14,-115.68,3.36
397,hofn,95,IS,1570056633,96,28.21,64.25,-15.21,10.22
398,gweta,0,BW,1570056818,72,58.34,-20.21,25.26,16.08
399,baykit,100,RU,1570056818,99,35.05,61.68,96.39,4.85
400,meulaboh,100,ID,1570056818,79,78.93,4.14,96.13,7.16
401,gazojak,40,TM,1570056819,41,49.86,41.19,61.4,8.86
402,koslan,49,RU,1570056819,94,39.4,63.46,48.9,6.49
403,sedalia,40,US,1570056819,58,86.0,38.7,-93.23,11.41
404,iquique,40,CL,1570056819,72,62.6,-20.22,-70.14,14.99
405,la ronge,20,CA,1570056819,56,44.6,55.1,-105.3,11.41
406,salalah,40,OM,1570056820,83,80.6,17.01,54.1,1.12
407,belen,1,US,1570056820,14,81.0,34.66,-106.78,9.17
408,ostrovnoy,98,RU,1570056729,77,34.36,68.05,39.51,20.51
409,letlhakane,0,BW,1570056820,79,55.4,-21.42,25.59,12.39
410,kutum,58,SD,1570056820,51,75.76,14.2,24.66,5.55
411,pisco,0,PE,1570056821,30,71.6,-13.71,-76.2,12.75
412,kolondieba,71,ML,1570056821,89,74.18,11.09,-6.89,3.83
413,mahebourg,75,MU,1570056821,94,73.99,-20.41,57.7,12.75
414,nabire,52,ID,1570056821,63,82.66,-3.36,135.5,1.25
415,kasongo-lunda,97,CD,1570056822,95,66.02,-6.48,16.82,1.5
416,harper,1,US,1570056822,31,91.4,30.3,-99.24,6.93
417,tocopilla,95,CL,1570056822,86,58.1,-22.09,-70.2,14.47
418,karimganj,30,IN,1570056822,92,72.76,24.86,92.37,3.85
419,shimoda,75,JP,1570056823,94,73.99,34.7,138.93,3.36
420,mangrol,0,IN,1570056823,82,74.32,25.33,76.51,3.62
421,aklavik,75,CA,1570056823,75,42.8,68.22,-135.01,10.29
422,lorengau,78,PG,1570056823,67,83.97,-2.02,147.27,3.85
423,beisfjord,0,NO,1570056823,55,39.0,68.38,17.6,16.11
424,akdepe,0,TM,1570056823,56,48.2,42.05,59.39,4.7
425,bousse,0,FR,1570056824,93,46.99,49.28,6.2,3.36
426,matamoros,75,US,1570056824,66,91.4,25.87,-97.51,6.93
427,kavaratti,13,IN,1570056824,76,81.41,10.57,72.64,6.55
428,holme,91,DK,1570056824,87,48.2,56.11,10.17,8.05
429,bindura,54,ZW,1570056824,94,55.24,-17.3,31.33,3.65
430,tricase,5,IT,1570056825,94,73.99,39.93,18.36,8.05
431,aviles,75,ES,1570056825,87,64.0,43.55,-5.92,3.42
432,kupang,0,ID,1570056825,67,77.51,-10.16,123.6,5.46
433,obuasi,100,GH,1570056825,99,71.8,6.21,-1.69,2.62
434,ipanema,90,BR,1570056826,100,71.01,-30.14,-51.22,5.82
435,boyolangu,42,ID,1570056826,76,75.71,-8.09,111.9,5.08
436,fairbanks,90,US,1570056655,93,37.4,64.84,-147.72,8.05
437,lithakia,20,GR,1570056826,88,73.0,37.72,20.83,3.36
438,xining,97,CN,1570056826,93,44.78,36.62,101.77,4.9
439,johnshaven,12,GB,1570056827,87,46.4,56.79,-2.34,13.87
440,freeport,75,BS,1570056827,74,82.4,26.54,-78.7,11.41
441,wagga wagga,0,AU,1570056827,45,73.99,-35.12,147.37,8.05
442,katherine,0,AU,1570056827,36,80.6,-14.47,132.26,8.05
443,maceio,0,BR,1570056615,83,75.2,-9.67,-35.74,8.05
444,tuatapere,100,NZ,1570056828,84,48.99,-46.13,167.69,7.0
445,listvyanka,0,RU,1570056828,92,24.8,51.86,104.86,4.47
446,ilhabela,0,BR,1570056828,78,71.87,-23.78,-45.36,19.37
447,dali,75,CN,1570056828,62,68.47,34.79,109.94,6.04
448,san cristobal,91,HN,1570056828,75,71.3,14.68,-86.92,1.54
449,port-cartier,90,CA,1570056829,65,42.01,50.03,-66.88,5.82
450,solnechnyy,96,RU,1570056829,76,39.19,50.72,136.64,5.68
451,nagua,90,DO,1570056829,100,77.0,19.37,-69.85,4.7
452,galveston,90,US,1570056829,78,84.99,40.58,-86.19,5.82
453,bam,43,IR,1570056829,31,63.56,29.11,58.36,3.4
454,manacapuru,20,BR,1570056829,46,89.6,-3.3,-60.62,5.82
455,svetlogorsk,40,RU,1570056830,64,37.4,53.14,59.15,8.95
456,salym,100,RU,1570056830,81,46.49,60.06,71.48,11.92
457,shizunai,98,JP,1570056585,85,65.2,42.33,142.37,12.39
458,warora,36,IN,1570056830,90,72.61,20.23,79.0,4.79
459,klyuchi,0,RU,1570056830,70,38.14,52.25,79.17,1.95
460,teya,75,MX,1570056831,62,88.0,21.05,-89.07,13.87
461,tyulyachi,0,RU,1570056831,76,51.8,55.89,50.23,11.18
462,tall kayf,0,TR,1570056831,28,73.1,37.08,41.07,1.28
463,lasa,75,CY,1570056831,77,71.6,34.92,32.53,8.05
464,qaqortoq,75,GL,1570056831,32,53.6,60.72,-46.03,34.45
465,bemidji,90,US,1570056832,81,45.0,47.48,-94.89,6.93
466,vardo,20,US,1570056832,36,91.4,39.62,-77.74,11.41
467,yanam,86,IN,1570056832,90,75.24,16.73,82.22,3.89
468,camacha,40,PT,1570056833,83,71.6,33.08,-16.33,3.36
469,coquimbo,0,CL,1570056833,66,55.4,-29.95,-71.34,13.87
470,touros,0,BR,1570056833,78,75.2,-5.2,-35.46,5.82
471,iqaluit,40,CA,1570056834,93,35.6,63.75,-68.52,8.05
472,ponte san nicolo,0,IT,1570056834,93,63.0,45.37,11.92,8.05
473,nome,1,US,1570056834,41,91.4,30.04,-94.42,9.17
474,ahipara,68,NZ,1570056834,84,60.01,-35.17,173.16,15.97
475,port-gentil,40,GA,1570056835,83,78.8,-0.72,8.78,10.29
476,leshukonskoye,100,RU,1570056835,86,35.12,64.9,45.76,11.99
477,kisangani,98,CD,1570056835,96,69.84,0.52,25.21,1.19
478,chernoyerkovskaya,0,RU,1570056836,93,53.6,45.43,37.76,4.47
479,port hedland,0,AU,1570056836,49,73.4,-20.31,118.58,5.82
480,hay river,40,CA,1570056836,32,66.2,60.82,-115.79,8.05
481,jalu,0,LY,1570056837,30,75.8,29.03,21.55,9.84
482,pochutla,90,MX,1570056837,78,87.8,15.74,-96.47,0.13
483,lamlash,40,GB,1570056837,81,42.8,55.53,-5.13,3.36
484,yarada,96,IN,1570056837,84,78.66,17.65,83.27,3.44
485,eureka,1,US,1570056838,51,62.6,40.8,-124.16,11.41
486,chimbote,12,PE,1570056838,93,61.52,-9.08,-78.59,15.32
487,healdsburg,1,US,1570056839,20,79.0,38.61,-122.87,10.29
488,sarangani,25,PH,1570056839,74,81.45,5.4,125.46,3.94
489,henties bay,0,NA,1570056839,87,63.0,-22.12,14.28,5.99
490,divnogorsk,0,RU,1570056839,56,41.0,55.96,92.38,8.95
491,diego de almagro,0,CL,1570056840,91,45.4,-26.39,-70.05,1.36
492,aloleng,92,PH,1570056840,70,81.68,16.13,119.78,3.69
493,barabai,47,ID,1570056840,76,81.04,-2.59,115.38,1.28
494,haverfordwest,100,GB,1570056841,87,53.01,51.8,-4.97,5.82
495,marrakesh,0,MA,1570056841,60,73.4,31.63,-7.99,6.93
496,moose factory,75,CA,1570056841,78,41.0,51.26,-80.61,8.05
497,simav,0,TR,1570056842,71,66.0,39.09,28.98,5.99
498,vilyuysk,17,RU,1570056842,80,25.31,63.75,121.63,3.13
499,vanimo,93,PG,1570056842,75,81.88,-2.67,141.3,4.43
500,sikonge,40,TZ,1570056843,60,71.6,-5.63,32.75,5.82
501,tome,75,JP,1570056843,88,68.0,38.69,141.2,3.36
502,bambanglipuro,99,ID,1570056843,89,75.49,-7.95,110.28,4.9
503,luwuk,46,ID,1570056844,86,68.69,-0.95,122.79,3.89
504,sistranda,75,NO,1570056844,81,48.99,63.73,8.83,8.05
505,dukat,4,AL,1570056844,93,69.01,40.25,19.57,3.0
506,porbandar,89,IN,1570056845,76,81.09,21.64,69.61,9.13
507,alofi,40,NU,1570056845,74,80.6,-19.06,-169.92,8.05
508,jiayuguan,98,CN,1570056845,21,46.01,39.77,98.29,4.61
509,honningsvag,99,NO,1570056845,67,38.61,70.98,25.97,12.21
510,velikiy ustyug,64,RU,1570056846,96,39.2,60.76,46.3,6.6
511,plattsburgh,1,US,1570056846,76,51.01,44.69,-73.46,4.7
512,paamiut,76,GL,1570056847,67,44.14,61.99,-49.67,4.97
513,krasnoarmeyskiy,0,RU,1570056847,53,64.0,46.12,40.39,9.08
514,carrollton,40,US,1570056847,40,96.8,33.58,-85.08,1.97
515,san carlos de bariloche,20,AR,1570056848,23,50.0,-41.13,-71.31,2.24
516,kormilovka,0,RU,1570056848,80,33.8,55.0,74.1,4.47
517,gladstone,1,AU,1570056849,53,73.99,-23.84,151.26,16.11
518,jiangkou,0,CN,1570056849,70,76.37,30.7,117.56,2.57
519,chimoio,90,MZ,1570056849,100,60.8,-19.11,33.48,1.59
520,westport,90,US,1570056726,73,79.0,41.14,-73.36,23.04
521,vila,0,IT,1570056850,72,64.99,45.18,8.4,8.05
522,puerto asis,75,CO,1570056685,66,86.0,0.51,-76.5,4.7
523,media luna,75,BO,1570056850,71,55.4,-21.67,-64.63,11.41
524,mendoza,0,AR,1570056851,15,60.8,-32.89,-68.84,5.82
525,dutse,11,NG,1570056851,67,78.21,11.76,9.34,9.26
526,mayor pablo lagerenza,81,PY,1570056851,66,62.28,-19.93,-60.77,4.92
527,karratha,0,AU,1570056852,17,90.54,-20.74,116.85,9.28
528,itea,3,GR,1570056852,69,69.01,38.43,22.42,1.99
529,prince rupert,90,CA,1570056853,93,51.8,54.32,-130.32,2.24
530,kabo,100,CF,1570056853,97,70.13,7.69,18.62,2.82
531,uglovskoye,0,RU,1570056853,62,32.56,51.36,80.19,5.79
532,belem de sao francisco,62,BR,1570056854,62,78.01,-8.75,-38.97,24.0
533,jiuquan,98,CN,1570056854,21,46.01,39.73,98.49,4.61
534,punta,75,PH,1570056854,88,75.2,14.18,121.12,1.12
535,tiznit,6,MA,1570056855,78,70.0,29.7,-9.73,21.3
536,zabid,100,YE,1570056855,82,66.46,14.2,44.5,2.35
537,kavieng,100,PG,1570056855,73,82.35,-2.57,150.8,1.54
538,kulhudhuffushi,11,MV,1570056855,75,82.04,6.62,73.07,11.36
539,muros,0,ES,1570056856,93,60.01,42.77,-9.06,1.9
540,san juan,68,AR,1570056856,26,43.65,-31.54,-68.53,3.09
541,cockburn town,40,TC,1570056856,74,84.2,21.46,-71.14,4.7
542,ottawa,75,CA,1570056855,57,50.0,45.42,-75.69,13.87
543,skegness,20,GB,1570056857,75,52.0,53.14,0.34,8.05
544,heihe,40,RU,1570056857,59,33.8,50.24,127.51,6.71
545,xochistlahuaca,98,MX,1570056857,95,69.64,16.79,-98.24,2.15
546,lumeje,50,AO,1570056858,68,67.84,-11.56,20.78,3.71
547,sakaiminato,40,JP,1570056858,65,78.8,35.55,133.23,9.17
548,sorland,17,NO,1570056858,50,44.93,67.67,12.69,10.0
549,cabras,75,CO,1570056859,82,64.4,5.5,-75.6,2.24
550,araouane,89,ML,1570056859,17,94.7,18.9,-3.53,4.74
551,petropavlovsk-kamchatskiy,90,RU,1570056860,81,50.0,53.05,158.65,3.67
552,havre-saint-pierre,75,CA,1570056860,45,44.6,50.23,-63.6,9.17
553,lazaro cardenas,40,MX,1570056861,65,78.8,28.39,-105.62,8.05
554,matadi,87,CD,1570056861,78,76.39,-5.83,13.46,3.33
555,laguna,40,BZ,1570056592,70,87.8,16.17,-88.94,6.93
556,grand gaube,75,MU,1570056861,94,73.4,-20.01,57.66,12.75
557,ponta delgada,75,PT,1570056862,83,71.01,37.73,-25.67,13.87
558,aswan,0,EG,1570056862,20,82.4,24.09,32.9,5.82
559,diapaga,69,BF,1570056863,81,78.97,12.07,1.79,2.75
560,jiangyin,0,CN,1570056863,80,81.0,31.91,120.26,4.03
561,vila do maio,56,CV,1570056864,87,74.99,15.13,-23.22,11.88
562,yaan,92,NG,1570056864,95,72.5,7.38,8.57,3.06
563,verkhnevilyuysk,39,RU,1570056864,85,26.32,63.45,120.31,2.71
564,talaya,0,RU,1570056864,80,36.0,55.79,84.89,11.18
565,tortosa,2,ES,1570056865,52,68.0,40.81,0.52,9.17
566,mandera,38,ET,1570056865,74,82.99,3.94,41.86,11.5
567,karonga,0,MW,1570056865,82,61.85,-9.94,33.93,2.59
568,metro,51,ID,1570056634,82,76.23,-5.11,105.31,7.02
569,kinsale,75,IE,1570056745,87,48.2,51.71,-8.52,6.93
570,riberalta,75,BO,1570056866,59,89.6,-11.0,-66.08,3.0
571,somerset west,20,ZA,1570056866,87,61.0,-34.08,18.85,4.7
572,gioia del colle,0,IT,1570056866,55,75.0,40.8,16.92,2.24
